timestamp,open,high,low,close,volume
2024-01-01 00:00:00+00:00,450.6180156734298,453.1321185045223,448.3874881552237,450.6180156734298,51950632.92655667
2024-01-02 00:00:00+00:00,450.6180156734298,448.94012206602275,445.40510548878683,448.04002472379324,89566497.30447438
2024-01-03 00:00:00+00:00,448.04002472379324,448.728347149526,446.4790924040389,448.46886784554533,79616246.76693256
2024-01-04 00:00:00+00:00,448.46886784554533,453.1452767341659,451.1027000238752,452.62332425606877,60305231.365661874
2024-01-05 00:00:00+00:00,452.62332425606877,444.1155178087381,440.84572114487213,442.5360761855333,114309813.652587
2024-01-06 00:00:00+00:00,442.5360761855333,454.4167945708767,451.08327839774444,452.46915724955375,69625112.89685321
2024-01-07 00:00:00+00:00,452.46915724955375,451.1219698996748,448.3182353358945,449.91903445012485,99389964.63701785
2024-01-08 00:00:00+00:00,449.91903445012485,446.9959613554717,445.5743227122106,446.57804679834686,82417873.33073655
2024-01-09 00:00:00+00:00,446.57804679834686,442.56606034379416,440.51316414290744,440.67322024351046,85544763.3977693
2024-01-10 00:00:00+00:00,440.67322024351046,448.23053457128793,445.4168309387005,446.17752006899013,117787439.73749411
2024-01-11 00:00:00+00:00,446.17752006899013,451.6496560673492,449.84794273310445,450.2448951481504,68384928.7603957
2024-01-12 00:00:00+00:00,450.2448951481504,458.690292117619,456.90246944731865,457.7253729087627,104666648.84333046
2024-01-13 00:00:00+00:00,457.7253729087627,465.19541045780073,461.548786075434,463.20953832599537,57172469.09310433
2024-01-14 00:00:00+00:00,463.20953832599537,465.5210931195025,463.6396273504316,464.9354517635867,82992104.6095303
2024-01-15 00:00:00+00:00,464.9354517635867,467.3162830469581,464.92116094132996,467.06541115399455,80948618.25711294
2024-01-16 00:00:00+00:00,467.06541115399455,474.0840183108978,470.1953295228374,472.92058717757226,53446953.660871275
2024-01-17 00:00:00+00:00,472.92058717757226,470.3269883528128,466.8609751287503,467.69600069143115,94846115.29596992
2024-01-18 00:00:00+00:00,467.69600069143115,468.21144905099686,465.27992214058173,467.5572796475907,87176528.06123877
2024-01-19 00:00:00+00:00,467.5572796475907,470.5837474607961,467.9979501192579,470.02514682515755,79572128.95045808
2024-01-20 00:00:00+00:00,470.02514682515755,467.9547502497152,465.1631213339129,467.40830501681694,82803637.13673337
2024-01-21 00:00:00+00:00,467.40830501681694,474.34492446227085,469.48052664527034,471.9555625201473,95204037.05973938
2024-01-22 00:00:00+00:00,471.9555625201473,471.4327433815823,467.93018171875747,469.94079075718355,107349262.5607434
2024-01-23 00:00:00+00:00,469.94079075718355,476.68786494256193,472.0944532366239,474.2113322558931,68710837.79613721
2024-01-24 00:00:00+00:00,474.2113322558931,477.39986898411973,474.88710865051274,475.2215773031173,62769578.45671666
2024-01-25 00:00:00+00:00,475.2215773031173,479.51828467001275,476.6573695264511,478.2312789636193,96249572.42515798
2024-01-26 00:00:00+00:00,478.2312789636193,471.1831279775031,467.77594231130627,469.02917568185654,98470303.05718854
2024-01-27 00:00:00+00:00,469.02917568185654,466.1387018479421,463.824218986142,463.9520037464064,61703191.39793218
2024-01-28 00:00:00+00:00,463.9520037464064,474.7388300870787,470.9333914198008,472.2745549810637,88134774.20034513
2024-01-29 00:00:00+00:00,472.2745549810637,475.0967410782751,470.98304421063347,473.51122695990904,116158925.81589906
2024-01-30 00:00:00+00:00,473.51122695990904,475.4924537411918,471.2782557781178,473.1528494388232,118475617.62027217
2024-01-31 00:00:00+00:00,473.1528494388232,480.8585753102878,478.81565235573976,479.2616041968294,97283400.64749712
2024-02-01 00:00:00+00:00,479.2616041968294,485.1386926571669,482.08548485745115,484.10806214042213,110115150.77524811
2024-02-02 00:00:00+00:00,484.10806214042213,486.3873836179866,482.4642373421948,483.9590466647292,84437377.07208799
2024-02-03 00:00:00+00:00,483.9590466647292,480.87204552097137,479.90055459091576,480.07398970295145,79672329.54931606
2024-02-04 00:00:00+00:00,480.07398970295145,492.7856143718546,492.613825986832,492.6171941606289,86760552.16983089
2024-02-05 00:00:00+00:00,492.6171941606289,498.57400732855564,495.9469030001525,497.20964390073067,54467175.72269997
2024-02-06 00:00:00+00:00,497.20964390073067,488.9502793625158,485.485394968016,487.29760715479506,97547189.56470343
2024-02-07 00:00:00+00:00,487.29760715479506,493.3586040853194,490.2252212703935,492.7924495216806,102017696.8232894
2024-02-08 00:00:00+00:00,492.7924495216806,500.46048636540223,497.5035198641881,497.88956961715735,72189119.91184014
2024-02-09 00:00:00+00:00,497.88956961715735,504.4266065053397,500.838768415007,503.336652838197,84411062.12092213
2024-02-10 00:00:00+00:00,503.336652838197,501.78844401929354,500.2439974101839,500.85097566591054,68222257.81048992
2024-02-11 00:00:00+00:00,500.85097566591054,513.5187640332642,509.62781516621277,510.6762916429924,64882519.35717318
2024-02-12 00:00:00+00:00,510.6762916429924,506.4728207258254,505.5728746747529,505.8862880882017,106045491.24136987
2024-02-13 00:00:00+00:00,505.8862880882017,514.7277936840327,512.7916627920442,514.0685799548792,61245079.5297304
2024-02-14 00:00:00+00:00,514.0685799548792,517.1909267317666,515.5739212754722,516.1824584386426,116001305.9573026
2024-02-15 00:00:00+00:00,516.1824584386426,530.5669042863501,525.5478421151876,527.8571565421253,94650962.0633514
2024-02-16 00:00:00+00:00,527.8571565421253,527.6522163173095,522.8966332223155,525.3547541110671,65804796.36833114
2024-02-17 00:00:00+00:00,525.3547541110671,533.040156999697,528.3995288217754,530.2917188331669,119763401.97926328
2024-02-18 00:00:00+00:00,530.2917188331669,537.6353302123864,534.5038015336214,536.3087805912305,106059773.11342998
2024-02-19 00:00:00+00:00,536.3087805912305,536.5590442089674,533.7035048840503,534.2165011140728,59128722.67129402
2024-02-20 00:00:00+00:00,534.2165011140728,535.8554779758064,531.4874765414221,534.4549637990777,72225069.38528915
2024-02-21 00:00:00+00:00,534.4549637990777,532.5546813333424,528.5681928834537,531.7415865700418,95546958.71112788
2024-02-22 00:00:00+00:00,531.7415865700418,535.7223998248747,533.6666293951398,535.2183500204726,93075376.50022402
2024-02-23 00:00:00+00:00,535.2183500204726,543.2291118915265,537.0659512954855,540.1926723114126,73567166.83881395
2024-02-24 00:00:00+00:00,540.1926723114126,540.4187310431332,537.5699087505487,538.3098633051536,104150915.39404133
2024-02-25 00:00:00+00:00,538.3098633051536,542.1712340133237,540.7969583145043,540.898427241909,55731259.029363856
2024-02-26 00:00:00+00:00,540.898427241909,537.2845109371178,533.965660080789,536.9833036032663,98375298.24493307
2024-02-27 00:00:00+00:00,536.9833036032663,535.9917720877606,533.3421839011843,533.5179504978079,55403118.16694315
2024-02-28 00:00:00+00:00,533.5179504978079,521.1947652399425,519.977985934352,520.5047884458843,101552852.10964128
2024-02-29 00:00:00+00:00,520.5047884458843,514.6296385596212,512.7284110887906,512.7746851978658,114026688.04078504
2024-03-01 00:00:00+00:00,512.7746851978658,510.15016592276277,506.1467089385092,508.45433097161987,85615501.36991906
2024-03-02 00:00:00+00:00,508.45433097161987,512.1571104860892,508.6059439002918,509.3226858206836,67333503.46570769
2024-03-03 00:00:00+00:00,509.3226858206836,522.4158352778143,518.8631462954871,519.6450934396184,65710061.9995514
2024-03-04 00:00:00+00:00,519.6450934396184,524.6724554746543,521.0544904571263,521.6222182812479,74547316.24341774
2024-03-05 00:00:00+00:00,521.6222182812479,524.2226463892918,522.2583463523067,522.3988092946985,66624942.85491298
2024-03-06 00:00:00+00:00,522.3988092946985,527.0865344049672,522.1289262100347,524.924274276613,111121134.61571528
2024-03-07 00:00:00+00:00,524.924274276613,516.0431134465068,513.7945440457049,515.6017489372439,55044988.095185004
2024-03-08 00:00:00+00:00,515.6017489372439,518.1820973002355,514.4536406319138,516.0809349527469,65601437.92909542
2024-03-09 00:00:00+00:00,516.0809349527469,513.1616614329243,509.045687865252,510.4425640003447,105668789.8863551
2024-03-10 00:00:00+00:00,510.4425640003447,506.85745131403564,503.83171242243975,506.801675473945,117526318.39230697
2024-03-11 00:00:00+00:00,506.801675473945,522.6736139236317,519.9577837691247,520.552979654385,79819033.17308366
2024-03-12 00:00:00+00:00,520.552979654385,535.3365036195399,532.9375236617548,533.3658120570169,62416773.56285416
2024-03-13 00:00:00+00:00,533.3658120570169,543.2163095168653,538.2096260419173,540.3464431054547,78066180.27325264
2024-03-14 00:00:00+00:00,540.3464431054547,547.1175951926068,543.8932928600193,544.3375723197013,102187096.18886323
2024-03-15 00:00:00+00:00,544.3375723197013,549.769616496827,547.2693782472537,548.077321090262,107798771.90085591
2024-03-16 00:00:00+00:00,548.077321090262,542.5739824410668,539.6711006587218,541.4061998693156,85245081.10984574
2024-03-17 00:00:00+00:00,541.4061998693156,534.6215985969608,531.5376165714688,532.8015174543701,99563646.13443002
2024-03-18 00:00:00+00:00,532.8015174543701,537.6333399103049,533.4857891295935,535.285541215712,104925807.05421522
2024-03-19 00:00:00+00:00,535.285541215712,534.0578542824926,531.1621564474492,532.3423589672825,117269997.76450308
2024-03-20 00:00:00+00:00,532.3423589672825,529.8131337195189,525.7695646951665,527.1522771135923,59378966.052413225
2024-03-21 00:00:00+00:00,527.1522771135923,527.9148989396101,525.0963349586609,526.760120970676,100317495.8653557
2024-03-22 00:00:00+00:00,526.760120970676,528.882310768694,525.0252307285475,526.4219703904234,90815855.49543662
2024-03-23 00:00:00+00:00,526.4219703904234,529.3597037518481,526.2972682876683,527.8768509491928,75486630.41074741
2024-03-24 00:00:00+00:00,527.8768509491928,524.1044020336748,521.9440557534454,522.9826156522727,109695633.2016338
2024-03-25 00:00:00+00:00,522.9826156522727,524.9305613240955,522.4657739808249,523.2572550905262,57456683.75146339
2024-03-26 00:00:00+00:00,523.2572550905262,517.6464105214563,513.3731120512422,515.0490960681607,94032985.3309807
2024-03-27 00:00:00+00:00,515.0490960681607,525.8534931796914,523.4339696584134,523.4863984749692,63861196.14372688
2024-03-28 00:00:00+00:00,523.4863984749692,535.8231971294624,533.6162849662433,534.0880408724709,54312406.08180351
2024-03-29 00:00:00+00:00,534.0880408724709,528.623828311125,524.4503987230976,526.6327882500203,58084351.06796789
2024-03-30 00:00:00+00:00,526.6327882500203,529.9691180779896,529.5533905713071,529.725265021051,90002550.5542534
2024-03-31 00:00:00+00:00,529.725265021051,530.9618466685822,526.2353094298883,528.3642095830104,63933887.30858478
2024-04-01 00:00:00+00:00,528.3642095830104,532.3697479041125,526.2697351258096,529.30463587176,109885954.579169
2024-04-02 00:00:00+00:00,529.30463587176,532.6236731667213,529.2357623584923,529.8962428036439,85172622.3432543
2024-04-03 00:00:00+00:00,529.8962428036439,541.2290700734475,537.201003948924,538.3405571594208,101178291.8367661
2024-04-04 00:00:00+00:00,538.3405571594208,543.1272228037542,540.2981218619735,542.3892392818695,113406801.73911914
2024-04-05 00:00:00+00:00,542.3892392818695,538.1362876665434,534.5478533400211,536.4606272846961,117128108.0686986
2024-04-06 00:00:00+00:00,536.4606272846961,539.1133298547179,536.5357884586458,537.1812338444897,112427113.59753513
2024-04-07 00:00:00+00:00,537.1812338444897,539.7051538465776,535.3820531823676,537.2197436348116,69368210.97685078
2024-04-08 00:00:00+00:00,537.2197436348116,534.9707760000532,530.8152946763608,531.8333766374021,117863725.37992696
2024-04-09 00:00:00+00:00,531.8333766374021,535.2160004885635,532.1127679389327,533.4080129337239,50542124.93631986
2024-04-10 00:00:00+00:00,533.4080129337239,534.266353988781,531.361113341137,533.4100071104048,102674730.67302874
2024-04-11 00:00:00+00:00,533.4100071104048,546.218484454285,542.9238261978061,543.0823330780224,74879627.71015407
2024-04-12 00:00:00+00:00,543.0823330780224,542.903866343139,539.8531287348665,541.9201107563499,73652978.34591454
2024-04-13 00:00:00+00:00,541.9201107563499,547.2130199762739,542.0298356302937,545.199346538193,62573835.912921704
2024-04-14 00:00:00+00:00,545.199346538193,531.7308911027874,529.5999759977606,529.6567667143113,84382936.94858786
2024-04-15 00:00:00+00:00,529.6567667143113,518.7666342239316,517.8548655705888,518.3860567331634,109794043.09198573
2024-04-16 00:00:00+00:00,518.3860567331634,523.78658694929,518.595484666529,520.752168239014,100670667.05078505
2024-04-17 00:00:00+00:00,520.752168239014,523.006595661036,521.476514077312,521.7830465162496,110660723.06806996
2024-04-18 00:00:00+00:00,521.7830465162496,529.5648839267346,526.4468908107191,528.1427099965304,114335517.88523564
2024-04-19 00:00:00+00:00,528.1427099965304,520.704790951809,518.937186078326,520.4466460481862,116060244.81681906
2024-04-20 00:00:00+00:00,520.4466460481862,518.8438403625914,517.0205864298908,518.6787575560575,87884739.3909263
2024-04-21 00:00:00+00:00,518.6787575560575,503.4202826815683,499.41486911735944,502.2931027341178,75272588.5187057
2024-04-22 00:00:00+00:00,502.2931027341178,499.8580756772842,495.23034881396114,497.0089614148527,83201974.27718318
2024-04-23 00:00:00+00:00,497.0089614148527,497.18182580595084,493.63479919129935,494.3652817525763,70102519.18822132
2024-04-24 00:00:00+00:00,494.3652817525763,495.14437231218614,493.7757828654442,493.8910591229309,87986867.3092973
2024-04-25 00:00:00+00:00,493.8910591229309,493.16987047207783,490.0635715561953,490.48897426134306,56516529.10125747
2024-04-26 00:00:00+00:00,490.48897426134306,498.59601230521787,494.7816464439745,496.7595732322846,80842898.09150258
2024-04-27 00:00:00+00:00,496.7595732322846,489.5449978578203,486.421055023579,487.6434697670231,92318303.27724805
2024-04-28 00:00:00+00:00,487.6434697670231,480.74584026063,477.8370131505423,479.72080716716016,73116079.90930073
2024-04-29 00:00:00+00:00,479.72080716716016,485.4126244542165,480.6492535288295,482.7451736337117,107985226.99906191
2024-04-30 00:00:00+00:00,482.7451736337117,481.00354430202214,477.9211259813156,480.5159775821272,118556738.28790481
2024-05-01 00:00:00+00:00,480.5159775821272,489.7381969593454,487.1320803303754,489.0846808257575,82018606.70260957
2024-05-02 00:00:00+00:00,489.0846808257575,494.9347446804177,492.5724993812112,493.6339415761647,94296034.91152188
2024-05-03 00:00:00+00:00,493.6339415761647,496.5283852326412,494.60283687839893,495.92210883068793,103407385.65979898
2024-05-04 00:00:00+00:00,495.92210883068793,486.3324174767855,483.00307004608766,485.1391507685555,101858966.89276543
2024-05-05 00:00:00+00:00,485.1391507685555,481.76406198362514,481.20592902167755,481.403998259928,72706360.79867637
2024-05-06 00:00:00+00:00,481.403998259928,483.80997114423144,480.76514426600414,483.2289924808034,79761295.78518054
2024-05-07 00:00:00+00:00,483.2289924808034,480.6675687986111,478.16438367549625,479.34503363226895,107881856.7617145
2024-05-08 00:00:00+00:00,479.34503363226895,482.4485606969422,479.41887966635954,481.2507956001927,66050806.49199112
2024-05-09 00:00:00+00:00,481.2507956001927,484.8934961530419,481.88178330690516,483.2718482846093,60121575.9647727
2024-05-10 00:00:00+00:00,483.2718482846093,480.47858326728175,476.36085169362195,478.22103530714844,115032936.28140356
2024-05-11 00:00:00+00:00,478.22103530714844,472.69383759281664,471.41388073174085,471.4884988796033,102358004.54190046
2024-05-12 00:00:00+00:00,471.4884988796033,480.15238228540244,476.2122318672756,477.59932660369236,94768520.75386749
2024-05-13 00:00:00+00:00,477.59932660369236,478.9412592787255,475.2659752176177,478.04286256803505,117707867.93030822
2024-05-14 00:00:00+00:00,478.04286256803505,480.5859231555318,478.27301614252104,478.5282098881556,54431324.770952486
2024-05-15 00:00:00+00:00,478.5282098881556,485.66221283290406,482.07769010992143,484.6921034810422,103724067.28591132
2024-05-16 00:00:00+00:00,484.6921034810422,497.6355563561074,493.4991967772523,495.8857390284606,54271909.12445194
2024-05-17 00:00:00+00:00,495.8857390284606,479.3031378627879,478.16276639024125,478.2453892993092,105605138.73808897
2024-05-18 00:00:00+00:00,478.2453892993092,490.44344619160256,485.59395233478676,487.5211815880168,59117737.743001096
2024-05-19 00:00:00+00:00,487.5211815880168,494.1414462290228,492.38212995781606,494.0366648037171,71112231.66077107
2024-05-20 00:00:00+00:00,494.0366648037171,493.4136970362279,489.9610731389741,492.2884079677944,68298756.17027265
2024-05-21 00:00:00+00:00,492.2884079677944,501.34599468478456,498.5531689229929,500.04604650150617,52097969.74444903
2024-05-22 00:00:00+00:00,500.04604650150617,501.7349199981316,499.39958374286687,499.6534272928045,113806747.63203776
2024-05-23 00:00:00+00:00,499.6534272928045,512.9720315674086,509.9574402025719,510.28899886293686,107550175.78220719
2024-05-24 00:00:00+00:00,510.28899886293686,521.0872912119534,516.6901782251954,518.0585112671307,117218221.65101619
2024-05-25 00:00:00+00:00,518.0585112671307,522.7503591246235,519.9576964550795,521.0000844772625,86522707.15015653
2024-05-26 00:00:00+00:00,521.0000844772625,518.480437127843,514.3416318971417,516.9558000548074,99304139.78937371
2024-05-27 00:00:00+00:00,516.9558000548074,520.5393161967394,516.0181657107424,517.6986126399452,79101921.09023568
2024-05-28 00:00:00+00:00,517.6986126399452,514.0211768259325,509.8432933154258,511.9933211861554,74129694.17308652
2024-05-29 00:00:00+00:00,511.9933211861554,508.24190047401953,507.1842928228778,507.494413314623,109373661.68488584
2024-05-30 00:00:00+00:00,507.494413314623,511.73507265620225,507.26424383176004,508.83457483481976,51073406.270263046
2024-05-31 00:00:00+00:00,508.83457483481976,509.28762754013945,506.37524760758583,508.1403397760857,85701479.81773245
2024-06-01 00:00:00+00:00,508.1403397760857,505.15964476777236,501.94229067867093,503.90287288992516,82646884.43863153
2024-06-02 00:00:00+00:00,503.90287288992516,517.5133943287143,514.9256755215815,514.9766928020135,59122237.7118171
2024-06-03 00:00:00+00:00,514.9766928020135,511.7323491680873,511.2604561543074,511.4394074145213,56764638.01842458
2024-06-04 00:00:00+00:00,511.4394074145213,514.4573244209404,509.0543315698542,511.3997389714963,79238157.46590328
2024-06-05 00:00:00+00:00,511.3997389714963,513.4955080243221,511.2282507289044,511.5364169640814,118444017.65228824
2024-06-06 00:00:00+00:00,511.5364169640814,499.45817239388964,495.5030564495549,497.32337115079537,72576039.76969221
2024-06-07 00:00:00+00:00,497.32337115079537,517.0958998739912,512.0105728122697,514.6840579166569,74473201.50750974
2024-06-08 00:00:00+00:00,514.6840579166569,512.7989556214278,507.9541756612341,510.9975267384366,102738126.83642253
2024-06-09 00:00:00+00:00,510.9975267384366,518.6064286596686,513.8049554835095,516.0808435166629,57231696.6550214
2024-06-10 00:00:00+00:00,516.0808435166629,504.70314668576935,500.69245424047176,502.0036353549836,108061036.62154464
2024-06-11 00:00:00+00:00,502.0036353549836,503.7082473811311,500.052185785956,501.06013781217854,80324714.59477921
2024-06-12 00:00:00+00:00,501.06013781217854,492.5826261518675,489.1758605209963,490.6452436407595,111858868.88820775
2024-06-13 00:00:00+00:00,490.6452436407595,487.7937640155526,487.277028855258,487.56403337387997,75849438.64423898
2024-06-14 00:00:00+00:00,487.56403337387997,497.1467606376561,493.25684062783955,495.8002608406219,97952528.73085758
2024-06-15 00:00:00+00:00,495.8002608406219,502.3032447440664,498.15451345536485,501.01111324040033,53330408.97552532
2024-06-16 00:00:00+00:00,501.01111324040033,506.2820859448746,503.7870427425619,505.21685131805475,113176493.43157077
2024-06-17 00:00:00+00:00,505.21685131805475,510.86156018815564,506.6821272624836,508.6688729083097,59195746.442029685
2024-06-18 00:00:00+00:00,508.6688729083097,498.21050458646573,496.0734900897015,497.34335352976245,66967613.544252515
2024-06-19 00:00:00+00:00,497.34335352976245,491.8625698269465,489.78797510430064,490.1772089043886,81823061.24371313
2024-06-20 00:00:00+00:00,490.1772089043886,496.44058590727735,491.8012650606294,493.8170041999115,99367246.83223024
2024-06-21 00:00:00+00:00,493.8170041999115,504.5840560676325,499.7801090084813,502.7730862388507,101003220.54328705
2024-06-22 00:00:00+00:00,502.7730862388507,508.24197064898857,505.4153558566993,505.9050847086049,73618965.99010953
2024-06-23 00:00:00+00:00,505.9050847086049,511.2040029381793,507.48732438621624,509.814690385298,111423551.910207
2024-06-24 00:00:00+00:00,509.814690385298,514.054312404894,512.3920733571144,513.5944106489461,50381334.737908244
2024-06-25 00:00:00+00:00,513.5944106489461,520.6641123616457,517.6632997194773,518.4350340669266,104368361.60176879
2024-06-26 00:00:00+00:00,518.4350340669266,524.3163615889807,521.1532649525914,521.8428338039053,90970448.83305037
2024-06-27 00:00:00+00:00,521.8428338039053,517.3870961171583,513.1373884670245,514.5523410647246,115224082.11976844
2024-06-28 00:00:00+00:00,514.5523410647246,523.0535757728998,519.258731277408,521.2572825455567,56343859.08549232
2024-06-29 00:00:00+00:00,521.2572825455567,516.5621250098635,512.4691137579997,515.3366254600529,113675989.30817746
2024-06-30 00:00:00+00:00,515.3366254600529,508.45279424948404,503.0158657230287,505.7397315775695,100514202.88690549
2024-07-01 00:00:00+00:00,505.7397315775695,509.4491141130775,504.5892542722294,506.7391957225014,101052970.90505803
2024-07-02 00:00:00+00:00,506.7391957225014,499.0881664211089,497.2728326462632,498.17655340145365,58033488.499150895
2024-07-03 00:00:00+00:00,498.17655340145365,493.8722057893177,491.1104491951358,491.3679845115746,80490031.60759151
2024-07-04 00:00:00+00:00,491.3679845115746,492.70159577750223,489.6151843380293,492.1661098939584,79128953.53611225
2024-07-05 00:00:00+00:00,492.1661098939584,488.8209355304406,486.96826304513684,487.07817128569485,75809325.82601956
2024-07-06 00:00:00+00:00,487.07817128569485,482.12296230659547,480.9680354930122,481.62194989189857,77849204.7355974
2024-07-07 00:00:00+00:00,481.62194989189857,485.4420987942812,482.717692356691,484.630266278394,99633318.23962708
2024-07-08 00:00:00+00:00,484.630266278394,492.36333694844683,491.1808613684,491.8242034152102,102029755.83693866
2024-07-09 00:00:00+00:00,491.8242034152102,498.3535214780228,493.8463697105436,496.6698419716172,113904339.8265161
2024-07-10 00:00:00+00:00,496.6698419716172,504.429490353672,501.3894962072091,502.65472236085765,70491013.46297202
2024-07-11 00:00:00+00:00,502.65472236085765,496.10280782680985,491.42742919974575,493.2036649849484,52792638.141117156
2024-07-12 00:00:00+00:00,493.2036649849484,498.1770045463146,497.05528741493146,497.5644165700605,95661006.04905793
2024-07-13 00:00:00+00:00,497.5644165700605,499.732443460867,495.1743048359802,497.62940044573213,96075984.9573338
2024-07-14 00:00:00+00:00,497.62940044573213,495.61670551501237,490.7961427867525,493.1614721453374,119510544.4085137
2024-07-15 00:00:00+00:00,493.1614721453374,493.94744524104345,489.39347414019267,491.378224509115,111571088.32357147
2024-07-16 00:00:00+00:00,491.378224509115,489.2247781530851,487.41021333515556,489.0872237746138,61775041.69347747
2024-07-17 00:00:00+00:00,489.0872237746138,483.1765423289114,482.16729391726886,482.6076312105465,80605982.42958009
2024-07-18 00:00:00+00:00,482.6076312105465,471.6245611565323,468.631868194293,470.6695473599384,65638000.511308044
2024-07-19 00:00:00+00:00,470.6695473599384,474.628944354759,470.75170455425143,473.0834236222042,108252807.04417123
2024-07-20 00:00:00+00:00,473.0834236222042,475.8967974838958,474.0133267505518,474.8024209533059,94618748.06730163
2024-07-21 00:00:00+00:00,474.8024209533059,486.01311174120417,481.4116798670344,483.22585247296496,71598610.02434911
2024-07-22 00:00:00+00:00,483.22585247296496,492.590591129519,490.05981651136125,490.5845167157465,81916304.06247364
2024-07-23 00:00:00+00:00,490.5845167157465,492.71000145563767,491.8409692191545,491.91294650575486,117671463.1588948
2024-07-24 00:00:00+00:00,491.91294650575486,500.4644993465102,496.14280611804844,497.53413117935384,110646479.17105594
2024-07-25 00:00:00+00:00,497.53413117935384,510.2259391142554,505.1389015766255,507.7393503337975,81327484.26758718
2024-07-26 00:00:00+00:00,507.7393503337975,505.6829362000235,503.1645371741228,503.3249357028589,102722173.5195956
2024-07-27 00:00:00+00:00,503.3249357028589,502.8379305209351,499.0713593675061,501.761139518541,76889767.96617928
2024-07-28 00:00:00+00:00,501.761139518541,506.4228329706387,503.1362220316204,503.6753863672728,66013716.456237584
2024-07-29 00:00:00+00:00,503.6753863672728,497.16398550820645,492.1380011896237,495.0084078050695,109285160.73146635
2024-07-30 00:00:00+00:00,495.0084078050695,488.4481911753698,487.5627801273049,488.2274904310292,85766309.2812704
2024-07-31 00:00:00+00:00,488.2274904310292,494.9532549019973,491.5026356059141,492.59026978152275,86145370.6960927
2024-08-01 00:00:00+00:00,492.59026978152275,492.8162103377377,489.29204285840876,489.98575491168793,94981489.61990537
2024-08-02 00:00:00+00:00,489.98575491168793,495.17198277791357,490.8530773638852,493.0289311451266,76794278.67545442
2024-08-03 00:00:00+00:00,493.0289311451266,493.99538621987654,491.96181172893256,492.4426083987797,106819178.87947495
2024-08-04 00:00:00+00:00,492.4426083987797,503.3730988070369,497.7679876593577,500.55693646595705,110234552.0739758
2024-08-05 00:00:00+00:00,500.55693646595705,503.964957579185,501.98406860401366,502.49716434596724,92551178.40958998
2024-08-06 00:00:00+00:00,502.49716434596724,505.5886235129171,503.4688940150624,503.5190533522322,105515122.56468514
2024-08-07 00:00:00+00:00,503.5190533522322,504.7395301619788,499.0352940927016,501.8599233961258,100064505.06331396
2024-08-08 00:00:00+00:00,501.8599233961258,496.2788157406702,493.19295304241655,495.36970328491304,104221167.1975017
2024-08-09 00:00:00+00:00,495.36970328491304,488.2812747629873,484.74850232123515,485.6476673903218,112405686.7173497
2024-08-10 00:00:00+00:00,485.6476673903218,504.04753646759275,501.55081348029825,502.9339423524813,92317190.70559701
2024-08-11 00:00:00+00:00,502.9339423524813,507.09605533927726,503.7470106887937,505.1501672274269,57640077.53834758
2024-08-12 00:00:00+00:00,505.1501672274269,514.4573307983771,509.3448373564333,512.1123908120132,102482323.81159025
2024-08-13 00:00:00+00:00,512.1123908120132,508.28903230538754,504.70875909790817,506.4115340789753,81655795.33797693
2024-08-14 00:00:00+00:00,506.4115340789753,511.77667418498993,509.264955209057,509.6688730216554,74315223.09663492
2024-08-15 00:00:00+00:00,509.6688730216554,513.5587274832711,510.270262548076,512.3588596968109,100881430.58173966
2024-08-16 00:00:00+00:00,512.3588596968109,508.2914355140616,505.75718845821916,506.78745514033056,104536200.18025762
2024-08-17 00:00:00+00:00,506.78745514033056,522.9843313827017,518.2599681025221,520.4149111869706,77322777.94550252
2024-08-18 00:00:00+00:00,520.4149111869706,533.7645384400305,529.6915171359425,530.7692071786817,54049206.64613477
2024-08-19 00:00:00+00:00,530.7692071786817,529.8526593794105,528.3199037208743,529.8216198721228,68119367.66456537
2024-08-20 00:00:00+00:00,529.8216198721228,539.457116972122,537.1017922815352,537.7361583956103,98564366.47140902
2024-08-21 00:00:00+00:00,537.7361583956103,547.1720649318596,545.9083655922141,546.2571829697866,114589741.93788326
2024-08-22 00:00:00+00:00,546.2571829697866,552.7841863892645,549.4820756579683,550.6358300150612,70041404.07956144
2024-08-23 00:00:00+00:00,550.6358300150612,555.3850429009713,552.6202127335725,554.6898469253852,52944244.30751261
2024-08-24 00:00:00+00:00,554.6898469253852,556.0570307566644,554.8470751795744,555.9094804927984,109571741.0755176
2024-08-25 00:00:00+00:00,555.9094804927984,556.5876756727292,555.3293349875986,556.1550771610079,60313598.09432651
2024-08-26 00:00:00+00:00,556.1550771610079,548.9150638295448,543.4306497278941,546.0444347645087,79671581.5925457
2024-08-27 00:00:00+00:00,546.0444347645087,544.1798465882489,542.3805266812111,543.1987340010345,96643380.88050061
2024-08-28 00:00:00+00:00,543.1987340010345,548.079644958281,543.4868530118431,546.662871308193,83239057.54256123
2024-08-29 00:00:00+00:00,546.662871308193,545.1726885697705,543.20240411481,545.0719436511929,82813740.45376626
2024-08-30 00:00:00+00:00,545.0719436511929,555.5460744964563,550.7672559639885,553.1299516619931,115204442.64739206
2024-08-31 00:00:00+00:00,553.1299516619931,555.4819975279819,551.2450800764506,554.0208309006928,63827322.59959054
2024-09-01 00:00:00+00:00,554.0208309006928,551.178820556344,546.7488919450309,548.2044267220014,86861032.04955363
2024-09-02 00:00:00+00:00,548.2044267220014,540.4334328749708,537.0851220493572,539.5387221795309,83806316.1923256
2024-09-03 00:00:00+00:00,539.5387221795309,533.5341210816613,532.0131239737924,533.2495693819743,63905674.038538575
2024-09-04 00:00:00+00:00,533.2495693819743,535.378044079656,530.3077637371772,533.1682957789494,62669019.611592606
2024-09-05 00:00:00+00:00,533.1682957789494,533.5626285124954,528.6838485256609,531.8513731131327,85548221.33631298
2024-09-06 00:00:00+00:00,531.8513731131327,514.0609506332589,511.73115888291375,513.5308794586936,118327529.40894562
2024-09-07 00:00:00+00:00,513.5308794586936,517.6857315680365,516.9654529500045,517.3208872821571,105067856.23162726
2024-09-08 00:00:00+00:00,517.3208872821571,531.0869254622904,525.881349193251,528.3030576365527,65041903.77625187
2024-09-09 00:00:00+00:00,528.3030576365527,525.1946763484397,521.4391565278701,523.7157787668823,63369025.05915618
2024-09-10 00:00:00+00:00,523.7157787668823,527.2908705824617,526.0546100291467,527.0498480879756,117039553.3629502
2024-09-11 00:00:00+00:00,527.0498480879756,521.9481171455583,521.0446499277064,521.944673491036,85259173.63074896
2024-09-12 00:00:00+00:00,521.944673491036,534.1374103664739,528.2155344611251,531.0145690886926,72225188.60353929
2024-09-13 00:00:00+00:00,531.0145690886926,527.7321987207523,525.2775009652208,525.6938725270566,57777974.481120266
2024-09-14 00:00:00+00:00,525.6938725270566,525.3551747099247,521.5860238940182,524.6296469026562,61515510.85702865
2024-09-15 00:00:00+00:00,524.6296469026562,537.3463897766313,531.7404724941011,534.6995138833636,105562115.00310498
2024-09-16 00:00:00+00:00,534.6995138833636,544.472477454651,539.6146931803877,541.4097347705556,70024720.06810924
2024-09-17 00:00:00+00:00,541.4097347705556,541.4702985294556,539.2204139201147,539.3565249186277,71304067.46654133
2024-09-18 00:00:00+00:00,539.3565249186277,548.6002761910914,548.1434261247069,548.2595156472877,67929865.25942516
2024-09-19 00:00:00+00:00,548.2595156472877,555.7626730866907,552.1004217081944,553.0079164219168,77259752.94061822
2024-09-20 00:00:00+00:00,553.0079164219168,564.2185017515529,559.7886800313645,560.8826135417353,56548802.95594124
2024-09-21 00:00:00+00:00,560.8826135417353,573.8429361982081,569.7295415993942,572.3699356167205,71189762.21376859
2024-09-22 00:00:00+00:00,572.3699356167205,587.4652923215082,581.4249283355742,584.8306978835174,119863015.95310107
2024-09-23 00:00:00+00:00,584.8306978835174,580.2621361426994,576.1034318309513,578.2909741879854,56199185.52821721
2024-09-24 00:00:00+00:00,578.2909741879854,574.6457366539762,569.7606773565968,572.2359559904835,117090973.60960692
2024-09-25 00:00:00+00:00,572.2359559904835,578.8392696072693,573.1340008837543,576.3605035570434,97540383.5408816
2024-09-26 00:00:00+00:00,576.3605035570434,576.9375198072041,572.655047707731,574.2956156083501,90239316.88901559
2024-09-27 00:00:00+00:00,574.2956156083501,552.1847744315513,548.9171735973381,551.4270553270877,89939416.50314641
2024-09-28 00:00:00+00:00,551.4270553270877,560.671893635467,557.7896323132674,558.6358769800443,60053780.45608643
2024-09-29 00:00:00+00:00,558.6358769800443,550.929839463714,549.0374737930962,549.6904669639604,118450078.3277897
2024-09-30 00:00:00+00:00,549.6904669639604,548.3510099835338,545.9598222592523,547.7472076052404,52286398.90128524
2024-10-01 00:00:00+00:00,547.7472076052404,546.0113934231292,540.7766703803192,543.0671354605537,53889758.8318322
2024-10-02 00:00:00+00:00,543.0671354605537,543.9617291711097,537.9159556495703,540.7663012891944,69036349.69035925
2024-10-03 00:00:00+00:00,540.7663012891944,545.9523251486454,542.9098202697265,545.3406866606003,85897973.18935475
2024-10-04 00:00:00+00:00,545.3406866606003,532.9693350055752,530.6634160043488,532.822570185404,62973014.118285224
2024-10-05 00:00:00+00:00,532.822570185404,533.8279973916469,530.2768978168906,530.807489999644,86595604.44905785
2024-10-06 00:00:00+00:00,530.807489999644,521.3205939091417,520.1598481783737,520.467291259437,118672363.2598374
2024-10-07 00:00:00+00:00,520.467291259437,520.6684137619216,518.0556178866926,518.3624305316227,96978809.19154525
2024-10-08 00:00:00+00:00,518.3624305316227,521.2013466330918,517.9923737022273,520.30089696681,109586589.8741988
2024-10-09 00:00:00+00:00,520.30089696681,528.9601912721719,525.4150091076235,527.0595899992281,66706012.24422877
2024-10-10 00:00:00+00:00,527.0595899992281,527.5963704398623,523.769037809976,525.5601485261758,80138256.33959258
2024-10-11 00:00:00+00:00,525.5601485261758,544.7613684261966,539.8305647602365,542.9541750021524,110169440.87492132
2024-10-12 00:00:00+00:00,542.9541750021524,552.7288212602483,549.3367684215159,549.7316334212086,56890439.075641446
2024-10-13 00:00:00+00:00,549.7316334212086,559.2969133002906,558.6821747060715,558.8036410174129,107327609.29210237
2024-10-14 00:00:00+00:00,558.8036410174129,565.2851644877095,562.0814912868028,564.3681108239589,91362881.05222367
2024-10-15 00:00:00+00:00,564.3681108239589,563.577550798317,559.4332048474208,562.6488476441119,59901461.84742817
2024-10-16 00:00:00+00:00,562.6488476441119,559.6696280586102,558.0563525692062,559.3393480536251,109817013.72331838
2024-10-17 00:00:00+00:00,559.3393480536251,555.0933153664641,550.3817956499236,552.9000578033288,67441379.39688903
2024-10-18 00:00:00+00:00,552.9000578033288,553.5747119785016,550.3055019056807,553.2950934344212,101076466.50868472
2024-10-19 00:00:00+00:00,553.2950934344212,534.5023278658151,530.8018949016664,531.9917600111036,108196590.09420738
2024-10-20 00:00:00+00:00,531.9917600111036,528.8693969027806,528.742590280982,528.7955152342939,71145799.02025755
2024-10-21 00:00:00+00:00,528.7955152342939,529.682656228709,527.2970108581069,528.7338203899293,112861611.43512101
2024-10-22 00:00:00+00:00,528.7338203899293,519.5194280466109,518.7892533857558,519.3773125276874,116285250.62535402
2024-10-23 00:00:00+00:00,519.3773125276874,512.607085240391,511.4278964269912,512.3379522816487,72677100.47591105
2024-10-24 00:00:00+00:00,512.3379522816487,516.6082952528136,512.4656151583882,515.191659370659,76009692.14320463
2024-10-25 00:00:00+00:00,515.191659370659,521.5434117129952,517.2472818918593,519.4209907689475,91078202.6629194
2024-10-26 00:00:00+00:00,519.4209907689475,524.6016621778443,521.4868084880827,521.6822256387525,105661329.66634196
2024-10-27 00:00:00+00:00,521.6822256387525,507.0552744952849,505.7468442680814,506.6357671901395,69210640.15547019
2024-10-28 00:00:00+00:00,506.6357671901395,521.8531347560711,518.6487180527623,519.1743259781941,72280187.07067908
2024-10-29 00:00:00+00:00,519.1743259781941,519.5320648170863,515.6618957348342,517.7561470839951,57137997.15642468
2024-10-30 00:00:00+00:00,517.7561470839951,539.0864888029715,537.00020035005,538.5922223299057,56096189.996176645
2024-10-31 00:00:00+00:00,538.5922223299057,540.3577080168392,536.6862735370571,538.4457059281646,57283271.37454179
2024-11-01 00:00:00+00:00,538.4457059281646,544.3655099981258,541.6015733529838,542.3892409493936,54318758.597475246
2024-11-02 00:00:00+00:00,542.3892409493936,541.33346451283,538.2218991833134,539.3953866983344,118759229.15230687
2024-11-03 00:00:00+00:00,539.3953866983344,544.1633024409252,543.631508223076,544.0298323020588,107784336.40709627
2024-11-04 00:00:00+00:00,544.0298323020588,557.4073975499614,555.6049856025143,556.479908654959,118225473.23631725
2024-11-05 00:00:00+00:00,556.479908654959,562.0534989492722,558.9574790873334,560.1865319366442,100905674.6081489
2024-11-06 00:00:00+00:00,560.1865319366442,570.6305020597925,567.4844610612981,567.7811345541229,86663142.2620039
2024-11-07 00:00:00+00:00,567.7811345541229,575.588523504586,570.2773972207375,572.9105619804332,106368489.11161435
2024-11-08 00:00:00+00:00,572.9105619804332,562.0214560296874,558.3253955756093,560.8573935783638,66414962.04167935
2024-11-09 00:00:00+00:00,560.8573935783638,569.0608847810687,564.1165368224465,565.677915985368,59857079.318638206
2024-11-10 00:00:00+00:00,565.677915985368,561.1129778285602,557.797419429663,560.8191881147477,100839764.07957624
2024-11-11 00:00:00+00:00,560.8191881147477,566.0863844650914,561.5053378876302,564.6216768342738,105820879.0827719
2024-11-12 00:00:00+00:00,564.6216768342738,559.1925473641201,555.8965246126437,557.6051970614009,72786909.73533592
2024-11-13 00:00:00+00:00,557.6051970614009,568.6509164560914,567.5250351688225,567.6025029492031,93245122.03886789
2024-11-14 00:00:00+00:00,567.6025029492031,565.6159927213333,560.8625285484322,563.7301394534682,60272327.795022674
2024-11-15 00:00:00+00:00,563.7301394534682,582.6635267160664,577.6567393598641,579.508302145615,101787732.05359769
2024-11-16 00:00:00+00:00,579.508302145615,578.1992725905884,575.7540826917316,577.0458181091155,91930584.94568539
2024-11-17 00:00:00+00:00,577.0458181091155,586.3965249527058,583.4022199215466,583.8025698734735,113836831.61354285
2024-11-18 00:00:00+00:00,583.8025698734735,576.2896101636968,571.38687937306,574.1337489538777,61418850.75782074
2024-11-19 00:00:00+00:00,574.1337489538777,576.1336407855046,573.8759293118088,575.7117232168515,114898576.80872242
2024-11-20 00:00:00+00:00,575.7117232168515,570.6796842157278,567.1899276017872,570.3759179310725,88661019.82829437
2024-11-21 00:00:00+00:00,570.3759179310725,576.8693187972495,573.923985885749,574.9786486836954,114629534.75553903
2024-11-22 00:00:00+00:00,574.9786486836954,588.9911339555517,584.9291099261654,586.2395804180513,81354802.22410184
2024-11-23 00:00:00+00:00,586.2395804180513,598.3596594746156,592.9625816206,595.0818076545128,89369244.39220953
2024-11-24 00:00:00+00:00,595.0818076545128,592.368776887936,589.6495191225923,590.5654138201844,112400031.30086991
2024-11-25 00:00:00+00:00,590.5654138201844,584.8626967998372,581.2350298730934,581.7028968688707,50953901.46786194
2024-11-26 00:00:00+00:00,581.7028968688707,579.9193376166345,576.407190132042,579.1586078433951,117188878.56818512
2024-11-27 00:00:00+00:00,579.1586078433951,572.6936718891429,569.3500120164292,571.436579954808,105883500.85148573
2024-11-28 00:00:00+00:00,571.436579954808,580.5016637629597,577.6645919534693,579.3815264659517,118458773.75647646
2024-11-29 00:00:00+00:00,579.3815264659517,584.8993071944151,582.0012081991605,582.1604905316642,66123157.14347893
2024-11-30 00:00:00+00:00,582.1604905316642,587.9886459021682,585.4742053341768,586.8071389639107,60759242.77227411
2024-12-01 00:00:00+00:00,586.8071389639107,578.9654682646393,572.8415027653523,576.0408821780776,82875625.43817967
2024-12-02 00:00:00+00:00,576.0408821780776,569.3786104716822,565.6946934215704,568.9474036280965,89334723.19947015
2024-12-03 00:00:00+00:00,568.9474036280965,562.9780973487883,561.4226949633045,562.00047970695,87076129.70707206
2024-12-04 00:00:00+00:00,562.00047970695,567.4368508173744,564.2227339167642,564.52931463707,94524832.9624561
2024-12-05 00:00:00+00:00,564.52931463707,567.8061426651831,564.7221451329717,567.3240177089182,67031531.59974028
2024-12-06 00:00:00+00:00,567.3240177089182,553.8218881616823,548.4904134808464,551.39527376811,95861162.99442783
2024-12-07 00:00:00+00:00,551.39527376811,562.0323834984341,559.0800016746825,560.7091988969307,67425213.64288142
2024-12-08 00:00:00+00:00,560.7091988969307,575.4132013860485,574.2304552707368,575.2324637050409,74259108.65518495
2024-12-09 00:00:00+00:00,575.2324637050409,564.727396633442,560.4857090051718,562.0436686916486,103642766.1037904
2024-12-10 00:00:00+00:00,562.0436686916486,558.450015244562,555.4131986146964,555.748740555631,57337766.622293025
2024-12-11 00:00:00+00:00,555.748740555631,562.2037808882093,559.0640181876672,561.3705191617277,55327526.577113956
2024-12-12 00:00:00+00:00,561.3705191617277,556.6198855835363,555.9149318383465,555.9286241307717,98971811.17230055
2024-12-13 00:00:00+00:00,555.9286241307717,553.5078719450754,550.7767502055585,553.415349379674,53791523.697033
2024-12-14 00:00:00+00:00,553.415349379674,554.9974893013598,548.8193875757745,552.0706654123754,53155948.4943966
2024-12-15 00:00:00+00:00,552.0706654123754,539.9548649548052,539.2158985683487,539.2773723282594,109422830.32522893
2024-12-16 00:00:00+00:00,539.2773723282594,537.2703762906056,534.7125385281176,535.4333873325771,116536584.39417565
2024-12-17 00:00:00+00:00,535.4333873325771,527.4243029611957,526.7847949245607,527.0155088917285,79665238.69460112
2024-12-18 00:00:00+00:00,527.0155088917285,527.5248748063639,523.6694029822216,524.5549329513611,64882871.78411512
2024-12-19 00:00:00+00:00,524.5549329513611,526.5142767418362,522.0430805989986,524.7155378072573,52004834.12668772
2024-12-20 00:00:00+00:00,524.7155378072573,529.4309485402122,526.2709840406703,526.65956181948,112984870.04738395
2024-12-21 00:00:00+00:00,526.65956181948,528.9606424195881,525.4547862763434,527.3433444935577,77860333.55931097
2024-12-22 00:00:00+00:00,527.3433444935577,524.7937433678522,519.8918085240005,522.3958773177535,103132256.23850746
2024-12-23 00:00:00+00:00,522.3958773177535,526.326795244233,523.0337490068233,523.9192000901061,113177799.00196935
2024-12-24 00:00:00+00:00,523.9192000901061,539.3902110660919,537.8542822997457,538.0421260170319,108749602.81741256
2024-12-25 00:00:00+00:00,538.0421260170319,535.2036453988426,529.6034345700999,532.1287728115386,88693338.23627025
2024-12-26 00:00:00+00:00,532.1287728115386,512.0864417496282,508.9478575268858,510.8664356394611,59691880.81311703
2024-12-27 00:00:00+00:00,510.8664356394611,504.9665434360364,503.43702629325225,503.76294628313167,93571303.78046966
2024-12-28 00:00:00+00:00,503.76294628313167,498.0172776233973,494.85598553184826,495.8593306668339,114767630.30717704
2024-12-29 00:00:00+00:00,495.8593306668339,485.33427182335,482.44864974610095,484.59830732658384,116748784.63569263
2024-12-30 00:00:00+00:00,484.59830732658384,483.1959477947249,479.3138548283614,481.0322399835215,75060847.08702554
2024-12-31 00:00:00+00:00,481.0322399835215,475.98452528547494,473.00801631216495,475.6760241457772,53069930.42456581
2025-01-01 00:00:00+00:00,475.6760241457772,475.4379702550616,474.7245039591632,475.2685264632055,118045586.18403867
2025-01-02 00:00:00+00:00,475.2685264632055,480.11548906765927,477.69464531034225,478.33016516412044,93340926.26849324
2025-01-03 00:00:00+00:00,478.33016516412044,494.3658969591105,493.49663656221367,493.76784261474876,77413244.50341898
2025-01-04 00:00:00+00:00,493.76784261474876,498.3265170578038,496.0519363583155,497.99970215548456,112895822.68243209
2025-01-05 00:00:00+00:00,497.99970215548456,498.59180835026314,495.46226731246674,497.5818034366716,93454961.67523764
2025-01-06 00:00:00+00:00,497.5818034366716,486.65885989654373,483.6784990399266,484.77721658700193,65416681.03529575
2025-01-07 00:00:00+00:00,484.77721658700193,475.950703550365,472.7511190474564,475.25618191575995,111900349.80445571
2025-01-08 00:00:00+00:00,475.25618191575995,469.41396270100444,465.76895551576774,467.8962315580257,73933699.49964988
2025-01-09 00:00:00+00:00,467.8962315580257,466.00423833482665,464.44174881515806,465.8607123534742,112474492.16998203
2025-01-10 00:00:00+00:00,465.8607123534742,455.7721851478413,452.162664418152,453.96354040222946,57775870.055913836
2025-01-11 00:00:00+00:00,453.96354040222946,455.5346596522705,454.14508368268906,455.0723149961421,117205151.0578461
2025-01-12 00:00:00+00:00,455.0723149961421,463.5545944798841,460.97425847620144,463.16739123345087,118434020.51376219
2025-01-13 00:00:00+00:00,463.16739123345087,468.1487896692076,465.9344459346095,466.2978011212565,91509211.17651574
2025-01-14 00:00:00+00:00,466.2978011212565,476.0611310753933,473.95489870976985,474.56535978249775,102325856.50303331
2025-01-15 00:00:00+00:00,474.56535978249775,474.1317046534054,470.50437500801405,472.9759619056116,118873721.33775075
2025-01-16 00:00:00+00:00,472.9759619056116,477.8463382730692,473.7854179061278,476.23921765561334,53314368.343856834
2025-01-17 00:00:00+00:00,476.23921765561334,478.77076251123873,476.68669874288287,476.8488320764971,51013508.87102821
2025-01-18 00:00:00+00:00,476.8488320764971,481.8022480193347,479.66421756210923,481.21007650550956,70828179.83420303
2025-01-19 00:00:00+00:00,481.21007650550956,488.76132768694185,485.33162397849264,487.17275076333874,50601357.86499499
2025-01-20 00:00:00+00:00,487.17275076333874,480.0274163442724,478.7183073988083,479.7340578451004,113189120.23534364
2025-01-21 00:00:00+00:00,479.7340578451004,471.418509810534,469.0564112751294,470.7471892486049,71759363.5165056
2025-01-22 00:00:00+00:00,470.7471892486049,466.4738330076591,462.09110029036424,464.3905195285295,95132827.34103231
2025-01-23 00:00:00+00:00,464.3905195285295,470.88775081830977,468.53080138413736,470.7788301240705,58821994.01333705
2025-01-24 00:00:00+00:00,470.7788301240705,475.616125132934,472.13866661908077,474.0902340324839,74853125.17350775
2025-01-25 00:00:00+00:00,474.0902340324839,483.0070389484198,477.775509472839,480.5365900369018,58166597.09417761
2025-01-26 00:00:00+00:00,480.5365900369018,476.7467225654691,474.705553137251,475.1559401269686,70945436.51151907
2025-01-27 00:00:00+00:00,475.1559401269686,476.31023024022767,473.9135394930786,475.85140902011227,117885883.33504269
2025-01-28 00:00:00+00:00,475.85140902011227,480.10092324466734,478.7752053345894,479.07276209110665,98962446.83282253
2025-01-29 00:00:00+00:00,479.07276209110665,468.6041837343614,466.9738139150819,467.45306385274205,102598111.10248974
2025-01-30 00:00:00+00:00,467.45306385274205,466.1692385416102,464.17171047695615,465.0975189726184,66879070.67979269
2025-01-31 00:00:00+00:00,465.0975189726184,467.9487640457875,466.476137178273,467.2200257345065,97306747.79220131
2025-02-01 00:00:00+00:00,467.2200257345065,470.77609411187797,467.2338694183929,468.7974304918369,75173492.87036514
2025-02-02 00:00:00+00:00,468.7974304918369,466.68775543370356,462.8968784480564,464.29864402652373,82433926.74773829
2025-02-03 00:00:00+00:00,464.29864402652373,465.0052826805572,461.72978546731156,463.2120727220775,104263297.61918718
2025-02-04 00:00:00+00:00,463.2120727220775,470.15745476594725,465.38999627688594,467.6308553002555,73559869.07130262
2025-02-05 00:00:00+00:00,467.6308553002555,472.6802961165593,470.27909022675595,470.98876331171715,81829228.28700638
2025-02-06 00:00:00+00:00,470.98876331171715,476.16830383306115,474.6282428923018,475.7107058963914,115364763.80065075
2025-02-07 00:00:00+00:00,475.7107058963914,481.1798428605412,476.5868474424396,478.4050502928887,112507286.33724281
2025-02-08 00:00:00+00:00,478.4050502928887,478.3859155706794,476.4743900664884,477.99082576093764,108207166.27781959
2025-02-09 00:00:00+00:00,477.99082576093764,482.6494404829952,481.4230177211593,481.42699818751566,51825297.98689831
2025-02-10 00:00:00+00:00,481.42699818751566,481.62191317544017,478.66857238183024,480.40670594360273,73650113.61040986
2025-02-11 00:00:00+00:00,480.40670594360273,470.78281099740485,467.23715445707484,469.65547916022894,108356578.91685076
2025-02-12 00:00:00+00:00,469.65547916022894,472.91908921963585,469.0194865937312,471.4622002965465,111182785.4589079
2025-02-13 00:00:00+00:00,471.4622002965465,463.5105389965216,460.37216158882717,462.99025369425306,61966769.95792624
2025-02-14 00:00:00+00:00,462.99025369425306,456.54320795113154,455.11944288606634,456.1352662633379,108958705.48987776
2025-02-15 00:00:00+00:00,456.1352662633379,455.1113401298422,450.7117652967115,453.2680641837669,75853171.95485345
2025-02-16 00:00:00+00:00,453.2680641837669,458.6138898201146,456.93033777267095,458.07429392762856,61987420.661852874
2025-02-17 00:00:00+00:00,458.07429392762856,459.2892205425345,456.90218138396955,457.1726104938138,96125216.02981114
2025-02-18 00:00:00+00:00,457.1726104938138,471.0815874632246,468.45962858290744,470.655891740155,57520827.888622634
2025-02-19 00:00:00+00:00,470.655891740155,477.56508819462863,473.0258249551519,475.57499598541324,73008466.6885632
2025-02-20 00:00:00+00:00,475.57499598541324,477.2385968177371,474.70816768053254,476.4217981723005,56922662.696650706
2025-02-21 00:00:00+00:00,476.4217981723005,465.9938615115011,464.3298232776968,464.4440499563812,99301918.35750023
2025-02-22 00:00:00+00:00,464.4440499563812,472.0508444043366,469.36936795623654,469.4908669454663,53392299.38695222
2025-02-23 00:00:00+00:00,469.4908669454663,475.6752902463235,472.02491390034766,473.00509813601417,105849495.72504431
2025-02-24 00:00:00+00:00,473.00509813601417,477.5337430012847,474.76305179127695,476.21868307539006,102853159.05228508
2025-02-25 00:00:00+00:00,476.21868307539006,479.69227936859113,475.6929375245566,477.354018016809,93757174.35905004
2025-02-26 00:00:00+00:00,477.354018016809,477.03560627292194,473.1510185977844,475.64641028174594,64416561.2549703
2025-02-27 00:00:00+00:00,475.64641028174594,480.5482133941494,478.6787466817558,478.8649491323018,85937397.89831293
2025-02-28 00:00:00+00:00,478.8649491323018,473.91418750351323,471.3423043572983,473.4890111710137,89398098.69876799
2025-03-01 00:00:00+00:00,473.4890111710137,466.88375982552236,465.0964697059437,466.4132810578621,58689542.9677914
2025-03-02 00:00:00+00:00,466.4132810578621,473.84828872608585,471.65788228970894,473.2220590590171,103501520.29094827
2025-03-03 00:00:00+00:00,473.2220590590171,471.8865028179222,469.1601598326598,469.8158068849879,114525411.34573977
2025-03-04 00:00:00+00:00,469.8158068849879,468.0953262830005,466.285005380878,466.8520771934962,50047037.87158266
2025-03-05 00:00:00+00:00,466.8520771934962,469.80659595894986,468.149963692135,469.3107742416819,57184293.42268753
2025-03-06 00:00:00+00:00,469.3107742416819,483.03150345936274,477.63815399047553,480.40553059420733,93061665.62646094
2025-03-07 00:00:00+00:00,480.40553059420733,493.36850520600206,490.71104984713435,492.62701950981295,71873403.28868106
2025-03-08 00:00:00+00:00,492.62701950981295,499.7724297833121,496.29803322837466,498.3998846110024,111693913.55363512
2025-03-09 00:00:00+00:00,498.3998846110024,487.719510969529,485.265515267964,486.95701335084993,97820126.81855245
2025-03-10 00:00:00+00:00,486.95701335084993,496.52631670144115,495.3212428650221,495.61618317936535,109131984.67460889
2025-03-11 00:00:00+00:00,495.61618317936535,507.62640079681864,505.4636556245829,506.9148660251905,115871318.07003173
2025-03-12 00:00:00+00:00,506.9148660251905,509.95519131243,506.6999650575465,507.9008878219218,61067356.52527094
2025-03-13 00:00:00+00:00,507.9008878219218,514.2350245616559,510.48072971006934,513.0788612161085,58706449.21887251
2025-03-14 00:00:00+00:00,513.0788612161085,508.03318773027013,504.322067229779,506.46559375078687,66603480.760812856
2025-03-15 00:00:00+00:00,506.46559375078687,503.40531673130863,500.46003645821315,502.2059554275953,90908435.34768522
2025-03-16 00:00:00+00:00,502.2059554275953,502.9616596831884,499.7974422351297,501.7411291479169,95802910.78284313
2025-03-17 00:00:00+00:00,501.7411291479169,503.7015102383794,501.2664018969043,501.7594672996726,109901726.21219566
2025-03-18 00:00:00+00:00,501.7594672996726,504.3974291032447,500.2179125754629,501.5029223068192,86408746.09634428
2025-03-19 00:00:00+00:00,501.5029223068192,505.45008589177417,504.03439664383075,504.17059317653815,90299447.02269243
2025-03-20 00:00:00+00:00,504.17059317653815,504.1425596072223,500.62219770718167,503.3284571415567,77432891.90623797
2025-03-21 00:00:00+00:00,503.3284571415567,513.2624705747533,512.0777023640754,512.6448892951538,64468853.00660305
2025-03-22 00:00:00+00:00,512.6448892951538,503.5250082076364,500.1538105484217,502.04322832158823,92255417.69829439
2025-03-23 00:00:00+00:00,502.04322832158823,513.49968824966,509.09597840882935,511.1275264923316,55804821.20775803
2025-03-24 00:00:00+00:00,511.1275264923316,521.1829359420198,518.0096791958179,518.5618308258375,84564786.89722815
2025-03-25 00:00:00+00:00,518.5618308258375,520.3410938964134,517.0799334294998,518.8613507971039,75712062.56617802
2025-03-26 00:00:00+00:00,518.8613507971039,517.8223127928017,514.8488075119715,517.2971470871552,54507058.27859717
2025-03-27 00:00:00+00:00,517.2971470871552,524.5037481469626,519.4482454232221,522.2458181325582,50500564.1977993
2025-03-28 00:00:00+00:00,522.2458181325582,520.0069222316945,516.8594843677283,519.1925442013887,82010491.47654697
2025-03-29 00:00:00+00:00,519.1925442013887,523.9254262974405,520.875883665137,523.5961251691788,92178152.04703498
2025-03-30 00:00:00+00:00,523.5961251691788,526.0137343127354,522.6008279234579,525.3199866001407,56647313.42030465
2025-03-31 00:00:00+00:00,525.3199866001407,521.5691758079839,518.1448648025724,519.7251472846621,95938291.88778976
2025-04-01 00:00:00+00:00,519.7251472846621,531.5207803202338,529.145051286599,530.233970763362,95416152.9369668
2025-04-02 00:00:00+00:00,530.233970763362,538.6504779750628,533.6511439480336,536.1497526124116,94088694.97332783
2025-04-03 00:00:00+00:00,536.1497526124116,540.2949095810114,536.3716927531293,538.461407416418,71226437.92245428
2025-04-04 00:00:00+00:00,538.461407416418,552.6033108087138,548.9664622034327,551.372228806254,74641675.43553156
2025-04-05 00:00:00+00:00,551.372228806254,562.7347248435267,559.6628628301371,562.0923092655405,62822607.17712905
2025-04-06 00:00:00+00:00,562.0923092655405,563.8752174636121,558.421027917081,561.0135226471349,53302073.77998379
2025-04-07 00:00:00+00:00,561.0135226471349,563.0032243989209,559.9743813866756,562.4254839729582,60749514.79128581
2025-04-08 00:00:00+00:00,562.4254839729582,567.5601780028729,562.8365915484628,564.2786381361722,116585955.5944536
2025-04-09 00:00:00+00:00,564.2786381361722,570.4459605464846,566.072404449441,568.7958462279573,57923408.72135447
2025-04-10 00:00:00+00:00,568.7958462279573,577.8325063153096,574.4923803526443,575.726667118657,94377099.89048159
2025-04-11 00:00:00+00:00,575.726667118657,582.3000550455611,575.7027256198262,578.974519535297,53859329.70993165
2025-04-12 00:00:00+00:00,578.974519535297,583.6455863060069,577.8991299460895,580.4833771856592,99676737.38860925
2025-04-13 00:00:00+00:00,580.4833771856592,572.0970974691039,570.3016406003023,570.7081607157903,56112551.757257596
2025-04-14 00:00:00+00:00,570.7081607157903,571.9746493667635,566.94351194945,568.7828747976708,50663322.63762513
2025-04-15 00:00:00+00:00,568.7828747976708,567.5125928817985,565.7633617029219,566.0955959448089,81589850.26112826
2025-04-16 00:00:00+00:00,566.0955959448089,565.6748089468687,562.759925404834,565.2478061600178,75368351.51311019
2025-04-17 00:00:00+00:00,565.2478061600178,560.6360164105585,559.0088501849665,560.3053212382064,102734869.56953882
2025-04-18 00:00:00+00:00,560.3053212382064,560.121115163696,554.7506836979618,557.7847736789986,107122387.95026168
2025-04-19 00:00:00+00:00,557.7847736789986,551.8233830539956,549.5663130331982,550.1123269240946,116123331.78507161
2025-04-20 00:00:00+00:00,550.1123269240946,553.544187041256,550.4209157260922,550.560033458498,93360527.66765149
2025-04-21 00:00:00+00:00,550.560033458498,544.0379794643376,541.0297174401057,542.3035890581879,102111916.05978525
2025-04-22 00:00:00+00:00,542.3035890581879,556.696714679724,553.1681501336531,554.067782672215,90775024.05650532
2025-04-23 00:00:00+00:00,554.067782672215,554.7961415437768,549.2901757885342,551.6053912909579,87090603.23213641
2025-04-24 00:00:00+00:00,551.6053912909579,565.4607278599938,558.8801168490763,562.0941866972684,80224589.66853668
2025-04-25 00:00:00+00:00,562.0941866972684,561.7903769345824,559.0795487960057,561.5504369035739,80362910.4003379
2025-04-26 00:00:00+00:00,561.5504369035739,565.847311949891,560.583793058183,562.5352737272242,93663904.04346181
2025-04-27 00:00:00+00:00,562.5352737272242,575.5497017023649,573.3081266334526,573.7473219037859,86281987.1310707
2025-04-28 00:00:00+00:00,573.7473219037859,574.1549497406438,569.3845714780333,572.7336273010386,98575718.70130092
2025-04-29 00:00:00+00:00,572.7336273010386,589.7488511843076,585.2941834817531,586.8374861926104,101505932.09905265
2025-04-30 00:00:00+00:00,586.8374861926104,584.3192104622843,578.7648315475338,581.5885681537177,78959772.84393996
2025-05-01 00:00:00+00:00,581.5885681537177,588.6111730014555,585.0205414980173,585.5941666192736,89270827.26509017
2025-05-02 00:00:00+00:00,585.5941666192736,592.9477723166004,588.1675174395175,590.7577211653148,56445329.05955222
2025-05-03 00:00:00+00:00,590.7577211653148,594.2849706079049,588.4979616206316,591.9815179755308,57868170.00963648
2025-05-04 00:00:00+00:00,591.9815179755308,590.212128985628,585.5633755227364,587.9947978645217,60377268.08782571
2025-05-05 00:00:00+00:00,587.9947978645217,602.6640657051288,596.6639876365123,599.4599343709283,53087615.606271476
2025-05-06 00:00:00+00:00,599.4599343709283,598.8873855066832,595.9696501697662,596.9465096625328,57300227.996697225
2025-05-07 00:00:00+00:00,596.9465096625328,597.9438560794955,597.23349178656,597.8772875820221,88988837.99338475
2025-05-08 00:00:00+00:00,597.8772875820221,587.2886652471798,584.7338768617626,587.1865480900955,84351068.83730933
2025-05-09 00:00:00+00:00,587.1865480900955,588.3069896268224,583.6308452851727,587.1241881742591,89132956.63440527
2025-05-10 00:00:00+00:00,587.1241881742591,574.7133689574838,572.2903159607091,574.6606493283412,91044563.06335592
2025-05-11 00:00:00+00:00,574.6606493283412,584.1183210081911,583.1458839229391,583.9582248721206,78154204.81586991
2025-05-12 00:00:00+00:00,583.9582248721206,589.3617692205542,587.7475664825362,588.6650321510114,69710197.6389234
2025-05-13 00:00:00+00:00,588.6650321510114,600.1194925882908,598.5542330915675,600.0184637756693,70064023.91964555
2025-05-14 00:00:00+00:00,600.0184637756693,601.7819910354183,597.712529402992,599.8795073425,67415331.59510641
